labels_nmf,age,ast,ast/mp,blk,blk/mp,drb,efg.,fg,fg.,fg/mp,fga,ft,ft.,ft/mp,fta,g,gs,labels_ward,mp,orb,pf,pf/mp,pts,pts/mp,stl,stl/mp,tov,tov/mp,trb,trb/mp,x2p,x2p.,x2p/mp,x2pa,x3p,x3p.,x3p/mp,x3pa
0,26.05263157894737,208.94210526315788,4.5672001631729805e-05,38.3421052631579,8.684826593823039e-06,283.18947368421055,0.5049684210526316,355.11578947368423,0.45808947368421055,7.802535881365689e-05,774.8473684210526,174.4842105263158,0.7588947368421053,3.6575633191768496e-05,227.76315789473685,73.09473684210526,56.23684210526316,2.942105263157895,2151.0421052631577,90.78421052631579,166.15263157894736,3.969523089336224e-05,956.1052631578947,0.00020837449030549824,70.61052631578947,1.6470106429804697e-05,127.26315789473684,2.8239173343649217e-05,373.9736842105263,8.500176355805696e-05,283.7263157894737,0.4897854521421053,6.227721932724091e-05,577.5315789473684,71.38947368421053,0.3058618745815217,1.5748139486415967e-05,197.31578947368422
1,27.5625,65.9875,0.0009692028854567374,4.91875,1.7593263338223446e-05,57.75625,0.4460632911392405,80.7625,0.37771518987341773,0.0009089366604315607,197.35,32.425,0.7338758620689656,0.0003848667521586403,41.63125,37.2,4.04375,1.4,610.7375,13.61875,51.3125,0.0013658445660871404,224.55,0.0024921761435746396,19.4875,0.0006939411078756972,34.98125,0.0007138711708837214,71.375,0.0015725983014876458,50.1625,0.42003981489171976,0.0006195005898786833,113.0125,30.6,0.314697407618421,0.00028943607055287757,84.3375
2,25.885496183206108,29.564885496183205,9.841303450540111e-05,26.885496183206108,0.00015958249539059824,116.54961832061069,0.4874656488549618,94.51908396946565,0.4758549618320611,0.00816903983085267,193.66412213740458,42.213740458015266,0.6542301587301588,0.0001846873934150957,61.778625954198475,44.083969465648856,7.3893129770992365,1.3740458015267176,677.6106870229007,56.61832061068702,85.06870229007633,0.0007045522261938484,235.78625954198472,0.01656457994633961,18.015267175572518,7.44998760790026e-05,36.55725190839695,0.0002088945351903419,173.1679389312977,0.011313122239456463,89.98473282442748,0.49004017634351144,0.008127226939633496,178.48091603053436,4.534351145038168,0.17850566287179487,4.181289121917468e-05,15.183206106870228
